{
    "m_Version": 12,
    "DisplayName": "#STR_EXPANSION_MARKET_CATEGORY_CARS",
    "Icon": "Deliver",
    "Color": "FBFCFEFF",
    "IsExchange": 0,
    "InitStockPercent": 75.0,
    "Items": [
        {
            "ClassName": "offroadhatchback",
            "MaxPriceThreshold": 15000,
            "MinPriceThreshold": 10000,
            "SellPricePercent": -1.0,
            "MaxStockThreshold": 4,
            "MinStockThreshold": 1,
            "QuantityPercent": -1,
            "SpawnAttachments": [
                "hatchbackwheel",
                "hatchbackwheel",
                "hatchbackwheel",
                "hatchbackwheel",
                "carbattery",
                "carradiator",
                "sparkplug",
                "hatchbackhood",
                "hatchbacktrunk",
                "hatchbackdoors_driver",
                "hatchbackdoors_codriver",
                "headlighth7",
                "headlighth7"
            ],
            "Variants": []
        },
        {
            "ClassName": "hatchback_02",
            "MaxPriceThreshold": 20000,
            "MinPriceThreshold": 17000,
            "SellPricePercent": -1.0,
            "MaxStockThreshold": 5,
            "MinStockThreshold": 1,
            "QuantityPercent": -1,
            "SpawnAttachments": [
                "hatchback_02_wheel",
                "hatchback_02_wheel",
                "hatchback_02_wheel",
                "hatchback_02_wheel",
                "hatchback_02_door_1_1",
                "hatchback_02_door_2_1",
                "hatchback_02_door_1_2",
                "hatchback_02_door_2_2",
                "hatchback_02_hood",
                "hatchback_02_trunk",
                "carbattery",
                "carradiator",
                "sparkplug",
                "headlighth7",
                "headlighth7"
            ],
            "Variants": []
        },
        {
            "ClassName": "sedan_02",
            "MaxPriceThreshold": 20000,
            "MinPriceThreshold": 17000,
            "SellPricePercent": -1.0,
            "MaxStockThreshold": 5,
            "MinStockThreshold": 1,
            "QuantityPercent": -1,
            "SpawnAttachments": [
                "sedan_02_wheel",
                "sedan_02_wheel",
                "sedan_02_wheel",
                "sedan_02_wheel",
                "carbattery",
                "carradiator",
                "sparkplug",
                "sedan_02_hood",
                "sedan_02_trunk",
                "sedan_02_door_1_1",
                "sedan_02_door_2_1",
                "sedan_02_door_1_2",
                "sedan_02_door_2_2",
                "headlighth7",
                "headlighth7"
            ],
            "Variants": []
        },
        {
            "ClassName": "civiliansedan",
            "MaxPriceThreshold": 20000,
            "MinPriceThreshold": 17000,
            "SellPricePercent": -1.0,
            "MaxStockThreshold": 4,
            "MinStockThreshold": 1,
            "QuantityPercent": -1,
            "SpawnAttachments": [
                "civsedanwheel",
                "civsedanwheel",
                "civsedanwheel",
                "civsedanwheel",
                "carbattery",
                "carradiator",
                "sparkplug",
                "civsedanhood",
                "civsedantrunk",
                "civsedandoors_driver",
                "civsedandoors_codriver",
                "civsedandoors_backleft",
                "civsedandoors_backright",
                "headlighth7",
                "headlighth7"
            ],
            "Variants": []
        },
        {
            "ClassName": "truck_01_covered",
            "MaxPriceThreshold": 50000,
            "MinPriceThreshold": 30000,
            "SellPricePercent": -1.0,
            "MaxStockThreshold": 7,
            "MinStockThreshold": 1,
            "QuantityPercent": -1,
            "SpawnAttachments": [
                "truck_01_wheel",
                "truck_01_wheel",
                "truck_01_wheel",
                "truck_01_wheel",
                "truck_01_wheeldouble",
                "truck_01_wheeldouble",
                "truck_01_wheeldouble",
                "truck_01_wheeldouble",
                "truckbattery",
                "truck_01_hood",
                "truck_01_door_1_1",
                "truck_01_door_2_1",
                "headlighth7",
                "headlighth7"
            ],
            "Variants": []
        },
        {
            "ClassName": "expansiontractor",
            "MaxPriceThreshold": 12000,
            "MinPriceThreshold": 10000,
            "SellPricePercent": -1.0,
            "MaxStockThreshold": 7,
            "MinStockThreshold": 1,
            "QuantityPercent": -1,
            "SpawnAttachments": [
                "expansiontractorbackwheel",
                "expansiontractorbackwheel",
                "expansiontractorfrontwheel",
                "expansiontractorfrontwheel",
                "expansiontractordoorsdriver",
                "expansiontractordoorscodriver",
                "headlighth7",
                "headlighth7",
                "sparkplug",
                "carbattery"
            ],
            "Variants": []
        },
        {
            "ClassName": "expansionuaz",
            "MaxPriceThreshold": 25000,
            "MinPriceThreshold": 22000,
            "SellPricePercent": -1.0,
            "MaxStockThreshold": 3,
            "MinStockThreshold": 1,
            "QuantityPercent": -1,
            "SpawnAttachments": [
                "expansionuazwheel",
                "expansionuazwheel",
                "expansionuazwheel",
                "expansionuazwheel",
                "carbattery",
                "carradiator",
                "sparkplug",
                "expansionuazdoorhood",
                "expansionuazdoordriver",
                "expansionuazdoorcodriver",
                "expansionuazdoorcargo1",
                "expansionuazdoorcargo2",
                "headlighth7",
                "headlighth7"
            ],
            "Variants": [
                "expansionuazroofless"
            ]
        },
		 {
            "ClassName": "expansionuazcargo",
            "MaxPriceThreshold": 28000,
            "MinPriceThreshold": 25000,
            "SellPricePercent": -1.0,
            "MaxStockThreshold": 3,
            "MinStockThreshold": 1,
            "QuantityPercent": -1,
            "SpawnAttachments": [
                "expansionuazwheel",
                "expansionuazwheel",
                "expansionuazwheel",
                "expansionuazwheel",
                "carbattery",
                "carradiator",
                "sparkplug",
                "expansionuazdoorhood",
                "expansionuazdoordriver",
                "expansionuazdoorcodriver",
                "expansionuazdoorcargo1",
                "expansionuazdoorcargo2",
                "headlighth7",
                "headlighth7"
            ],
            "Variants": [
                "expansionuazcargoroofless"
            ]
        },
        {
            "ClassName": "expansionbus",
            "MaxPriceThreshold": 30000,
            "MinPriceThreshold": 28000,
            "SellPricePercent": -1.0,
            "MaxStockThreshold": 3,
            "MinStockThreshold": 1,
            "QuantityPercent": -1,
            "SpawnAttachments": [
                "expansionbuswheel",
                "expansionbuswheel",
                "expansionbuswheeldouble",
                "expansionbuswheeldouble",
                "headlighth7",
                "headlighth7",
                "truckbattery",
                "carradiator",
                "glowplug"
            ],
            "Variants": []
        },
        {
            "ClassName": "expansionvodnik",
            "MaxPriceThreshold": 60000,
            "MinPriceThreshold": 40000,
            "SellPricePercent": -1.0,
            "MaxStockThreshold": 4,
            "MinStockThreshold": 1,
            "QuantityPercent": -1,
            "SpawnAttachments": [
                "expansionvodnikwheel",
                "expansionvodnikwheel",
                "expansionvodnikwheel",
                "expansionvodnikwheel",
                "truckbattery",
                "carradiator",
                "sparkplug",
                "expansionvodnikdoordriver",
                "expansionvodnikdoorcodriver"
            ],
            "Variants": []
        },
        {
            "ClassName": "expansion_landrover",
            "MaxPriceThreshold": 28000,
            "MinPriceThreshold": 25000,
            "SellPricePercent": -1.0,
            "MaxStockThreshold": 3,
            "MinStockThreshold": 1,
            "QuantityPercent": -1,
            "SpawnAttachments": [
                "expansion_landrover_wheel",
                "expansion_landrover_wheel",
                "expansion_landrover_wheel",
                "expansion_landrover_wheel",
                "expansion_landrover_wheel",
                "carbattery",
                "carradiator",
                "sparkplug",
                "expansion_landrover_hood",
                "expansion_landrover_driverdoor",
                "expansion_landrover_codriverdoor",
                "expansion_landrover_left",
                "expansion_landrover_right",
                "expansion_landrover_trunk",
                "headlighth7",
                "headlighth7",
                "canistergasoline",
                "seachest",
                "woodencrate",
                "woodencrate",
                "woodencrate"
            ],
            "Variants": []
        },
        {
            "ClassName": "GunnerTruck",
            "MaxPriceThreshold": 60000,
            "MinPriceThreshold": 40000,
            "SellPricePercent": 0.0,
            "MaxStockThreshold": 1,
            "MinStockThreshold": 1,
            "QuantityPercent": 0,
            "SpawnAttachments": [
                "SparkPlug",
                "CarBattery",
                "CarRadiator",
                "HeadlightH7",
                "HeadlightH7",
                "JLTVWheel",
                "JLTVWheel",
                "JLTVWheel",
                "JLTVWheel",
                "JLTVDoorDriver",
                "JLTVDoorCoDriver",
                "JLTVDoorBackLeft",
                "JLTVDoorBackRight",
                "JLTVHood",
                "JLTVRearGuard",
                "CanisterGasoline",
                "JLTVWheel"
            ],
            "Variants": ["GunnerTruckWhite","GunnerTruckTan"]
        },
        {
            "ClassName": "Kamaz",
            "MaxPriceThreshold": 50000,
            "MinPriceThreshold": 30000,
            "SellPricePercent": -1.0,
            "MaxStockThreshold": 1,
            "MinStockThreshold": 1,
            "QuantityPercent": -1,
            "SpawnAttachments": [
                "KamazDoors_Driver",
                "KamazDoors_CoDriver",
                "KamazHood",
                "KamazTrunk",
                "SparkPlug",
                "CarBattery",
                "CarRadiator",
                "HeadlightH7",
                "HeadlightH7",
                "KamazWheel",
                "KamazWheel",
                "KamazWheel",
                "KamazWheel",
                "KamazWheel",
                "KamazWheel"
            ],
            "Variants": [
                "KamazCovered"
            ]
        },
		{
            "ClassName": "KamazFuel",
            "MaxPriceThreshold": 55000,
            "MinPriceThreshold": 40000,
            "SellPricePercent": -1.0,
            "MaxStockThreshold": 1,
            "MinStockThreshold": 1,
            "QuantityPercent": -1,
            "SpawnAttachments": [
                "KamazDoors_Driver",
                "KamazDoors_CoDriver",
                "KamazHood",
                "KamazTrunk",
                "SparkPlug",
                "CarBattery",
                "CarRadiator",
                "HeadlightH7",
                "HeadlightH7",
                "KamazWheel",
                "KamazWheel",
                "KamazWheel",
                "KamazWheel",
                "KamazWheel",
                "KamazWheel"
            ],
            "Variants": []
        }
    ]
}