{
    "m_Version": 12,
    "DisplayName": "#STR_EXPANSION_MARKET_CATEGORY_GHILLIES",
    "Icon": "Deliver",
    "Color": "FBFCFEFF",
    "IsExchange": 0,
    "InitStockPercent": 75.0,
    "Items": [
        {
            "ClassName": "ghilliehood_tan",
            "MaxPriceThreshold": 440,
            "MinPriceThreshold": 220,
            "SellPricePercent": -1.0,
            "MaxStockThreshold": 100,
            "MinStockThreshold": 1,
            "QuantityPercent": -1,
            "SpawnAttachments": [],
            "Variants": [
                "ghilliehood_woodland",
                "ghilliehood_mossy"
            ]
        },
        {
            "ClassName": "ghilliebushrag_tan",
            "MaxPriceThreshold": 800,
            "MinPriceThreshold": 400,
            "SellPricePercent": -1.0,
            "MaxStockThreshold": 100,
            "MinStockThreshold": 1,
            "QuantityPercent": -1,
            "SpawnAttachments": [],
            "Variants": [
                "ghilliebushrag_woodland",
                "ghilliebushrag_mossy"
            ]
        },
        {
            "ClassName": "ghillietop_tan",
            "MaxPriceThreshold": 1200,
            "MinPriceThreshold": 600,
            "SellPricePercent": -1.0,
            "MaxStockThreshold": 100,
            "MinStockThreshold": 1,
            "QuantityPercent": -1,
            "SpawnAttachments": [],
            "Variants": [
                "ghillietop_woodland",
                "ghillietop_mossy"
            ]
        },
        {
            "ClassName": "ghilliesuit_tan",
            "MaxPriceThreshold": 2000,
            "MinPriceThreshold": 1000,
            "SellPricePercent": -1.0,
            "MaxStockThreshold": 100,
            "MinStockThreshold": 1,
            "QuantityPercent": -1,
            "SpawnAttachments": [],
            "Variants": [
                "ghilliesuit_woodland",
                "ghilliesuit_mossy"
            ]
        }
    ]
}