{
    "m_Version": 12,
    "DisplayName": "40MM Grenades",
    "Icon": "Deliver",
    "Color": "FBFCFEFF",
    "IsExchange": 0,
    "InitStockPercent": 75.0,
    "Items": [
		{
            "ClassName": "ammo_40mm_explosive",
            "MaxPriceThreshold": 100,
            "MinPriceThreshold": 75,
            "SellPricePercent": -1.0,
            "MaxStockThreshold": 500,
            "MinStockThreshold": 1,
            "QuantityPercent": -1,
            "SpawnAttachments": [],
            "Variants": [
                "ammo_40mm_chemgas"
            ]
        },
		{
            "ClassName": "ammo_40mm_smoke_black",
            "MaxPriceThreshold": 45,
            "MinPriceThreshold": 30,
            "SellPricePercent": -1.0,
            "MaxStockThreshold": 500,
            "MinStockThreshold": 1,
            "QuantityPercent": -1,
            "SpawnAttachments": [],
            "Variants": [
                "ammo_40mm_smoke_green",
                "ammo_40mm_smoke_white",
                "ammo_40mm_smoke_red"
            ]
		}
	]
}