{
    "m_Version": 12,
    "DisplayName": "#STR_EXPANSION_MARKET_CATEGORY_HELMETS",
    "Icon": "Deliver",
    "Color": "FBFCFEFF",
    "IsExchange": 0,
    "InitStockPercent": 75.0,
    "Items": [
        {
            "ClassName": "constructionhelmet_blue",
            "MaxPriceThreshold": 60,
            "MinPriceThreshold": 30,
            "SellPricePercent": -1.0,
            "MaxStockThreshold": 100,
            "MinStockThreshold": 1,
            "QuantityPercent": -1,
            "SpawnAttachments": [],
            "Variants": [
                "constructionhelmet_orange",
                "constructionhelmet_red",
                "constructionhelmet_white",
                "constructionhelmet_yellow",
                "constructionhelmet_lime"
            ]
        },
        {
            "ClassName": "constructionhelmet_lime",
            "MaxPriceThreshold": 66,
            "MinPriceThreshold": 33,
            "SellPricePercent": -1.0,
            "MaxStockThreshold": 100,
            "MinStockThreshold": 1,
            "QuantityPercent": -1,
            "SpawnAttachments": [],
            "Variants": []
        },
        {
            "ClassName": "skatehelmet_blue",
            "MaxPriceThreshold": 90,
            "MinPriceThreshold": 45,
            "SellPricePercent": -1.0,
            "MaxStockThreshold": 100,
            "MinStockThreshold": 1,
            "QuantityPercent": -1,
            "SpawnAttachments": [],
            "Variants": [
                "skatehelmet_gray",
                "skatehelmet_red",
                "skatehelmet_black",
                "skatehelmet_green"
            ]
        },
        {
            "ClassName": "skatehelmet_black",
            "MaxPriceThreshold": 94,
            "MinPriceThreshold": 47,
            "SellPricePercent": -1.0,
            "MaxStockThreshold": 100,
            "MinStockThreshold": 1,
            "QuantityPercent": -1,
            "SpawnAttachments": [],
            "Variants": []
        },
        {
            "ClassName": "skatehelmet_green",
            "MaxPriceThreshold": 100,
            "MinPriceThreshold": 50,
            "SellPricePercent": -1.0,
            "MaxStockThreshold": 100,
            "MinStockThreshold": 1,
            "QuantityPercent": -1,
            "SpawnAttachments": [],
            "Variants": []
        },
        {
            "ClassName": "hockeyhelmet_blue",
            "MaxPriceThreshold": 100,
            "MinPriceThreshold": 50,
            "SellPricePercent": -1.0,
            "MaxStockThreshold": 100,
            "MinStockThreshold": 1,
            "QuantityPercent": -1,
            "SpawnAttachments": [],
            "Variants": [
                "hockeyhelmet_red",
                "hockeyhelmet_white",
                "hockeyhelmet_black"
            ]
        },
        {
            "ClassName": "hockeyhelmet_black",
            "MaxPriceThreshold": 110,
            "MinPriceThreshold": 55,
            "SellPricePercent": -1.0,
            "MaxStockThreshold": 100,
            "MinStockThreshold": 1,
            "QuantityPercent": -1,
            "SpawnAttachments": [],
            "Variants": []
        },
        {
            "ClassName": "dirtbikehelmet_mouthguard",
            "MaxPriceThreshold": 30,
            "MinPriceThreshold": 15,
            "SellPricePercent": -1.0,
            "MaxStockThreshold": 100,
            "MinStockThreshold": 1,
            "QuantityPercent": -1,
            "SpawnAttachments": [],
            "Variants": []
        },
        {
            "ClassName": "dirtbikehelmet_visor",
            "MaxPriceThreshold": 50,
            "MinPriceThreshold": 25,
            "SellPricePercent": -1.0,
            "MaxStockThreshold": 100,
            "MinStockThreshold": 1,
            "QuantityPercent": -1,
            "SpawnAttachments": [],
            "Variants": []
        },
        {
            "ClassName": "dirtbikehelmet_chernarus",
            "MaxPriceThreshold": 120,
            "MinPriceThreshold": 60,
            "SellPricePercent": -1.0,
            "MaxStockThreshold": 100,
            "MinStockThreshold": 1,
            "QuantityPercent": -1,
            "SpawnAttachments": [
                "dirtbikehelmet_mouthguard",
                "dirtbikehelmet_visor"
            ],
            "Variants": [
                "dirtbikehelmet_police",
                "dirtbikehelmet_red",
                "dirtbikehelmet_green",
                "dirtbikehelmet_blue",
                "dirtbikehelmet_black",
                "dirtbikehelmet_khaki"
            ]
        },
        {
            "ClassName": "dirtbikehelmet_black",
            "MaxPriceThreshold": 130,
            "MinPriceThreshold": 65,
            "SellPricePercent": -1.0,
            "MaxStockThreshold": 100,
            "MinStockThreshold": 1,
            "QuantityPercent": -1,
            "SpawnAttachments": [
                "dirtbikehelmet_mouthguard",
                "dirtbikehelmet_visor"
            ],
            "Variants": []
        },
        {
            "ClassName": "dirtbikehelmet_khaki",
            "MaxPriceThreshold": 140,
            "MinPriceThreshold": 70,
            "SellPricePercent": -1.0,
            "MaxStockThreshold": 100,
            "MinStockThreshold": 1,
            "QuantityPercent": -1,
            "SpawnAttachments": [
                "dirtbikehelmet_mouthguard",
                "dirtbikehelmet_visor"
            ],
            "Variants": []
        },
        {
            "ClassName": "motohelmet_lime",
            "MaxPriceThreshold": 140,
            "MinPriceThreshold": 70,
            "SellPricePercent": -1.0,
            "MaxStockThreshold": 100,
            "MinStockThreshold": 1,
            "QuantityPercent": -1,
            "SpawnAttachments": [],
            "Variants": [
                "motohelmet_blue",
                "motohelmet_red",
                "motohelmet_yellow",
                "motohelmet_white",
                "motohelmet_grey",
                "motohelmet_black",
                "motohelmet_green",
                "darkmotohelmet_lime",
                "darkmotohelmet_blue",
                "darkmotohelmet_red",
                "darkmotohelmet_white",
                "darkmotohelmet_grey",
                "darkmotohelmet_black",
                "darkmotohelmet_green"
            ]
        },
        {
            "ClassName": "tankerhelmet",
            "MaxPriceThreshold": 200,
            "MinPriceThreshold": 100,
            "SellPricePercent": -1.0,
            "MaxStockThreshold": 100,
            "MinStockThreshold": 1,
            "QuantityPercent": -1,
            "SpawnAttachments": [],
            "Variants": []
        },
        {
            "ClassName": "greathelm",
            "MaxPriceThreshold": 240,
            "MinPriceThreshold": 120,
            "SellPricePercent": -1.0,
            "MaxStockThreshold": 100,
            "MinStockThreshold": 1,
            "QuantityPercent": -1,
            "SpawnAttachments": [],
            "Variants": []
        },
        {
            "ClassName": "zsh3pilothelmet",
            "MaxPriceThreshold": 260,
            "MinPriceThreshold": 130,
            "SellPricePercent": -1.0,
            "MaxStockThreshold": 100,
            "MinStockThreshold": 1,
            "QuantityPercent": -1,
            "SpawnAttachments": [],
            "Variants": [
                "zsh3pilothelmet_green",
                "zsh3pilothelmet_black"
            ]
        },
        {
            "ClassName": "firefightershelmet_red",
            "MaxPriceThreshold": 300,
            "MinPriceThreshold": 150,
            "SellPricePercent": -1.0,
            "MaxStockThreshold": 100,
            "MinStockThreshold": 1,
            "QuantityPercent": -1,
            "SpawnAttachments": [],
            "Variants": [
                "firefightershelmet_white",
                "firefightershelmet_yellow"
            ]
        },
        {
            "ClassName": "mich2001helmet",
            "MaxPriceThreshold": 300,
            "MinPriceThreshold": 150,
            "SellPricePercent": -1.0,
            "MaxStockThreshold": 100,
            "MinStockThreshold": 1,
            "QuantityPercent": -1,
            "SpawnAttachments": [],
            "Variants": []
        },
        {
            "ClassName": "gorkahelmetvisor",
            "MaxPriceThreshold": 100,
            "MinPriceThreshold": 50,
            "SellPricePercent": -1.0,
            "MaxStockThreshold": 100,
            "MinStockThreshold": 1,
            "QuantityPercent": -1,
            "SpawnAttachments": [],
            "Variants": []
        },
        {
            "ClassName": "gorkahelmet",
            "MaxPriceThreshold": 480,
            "MinPriceThreshold": 240,
            "SellPricePercent": -1.0,
            "MaxStockThreshold": 100,
            "MinStockThreshold": 1,
            "QuantityPercent": -1,
            "SpawnAttachments": [
                "gorkahelmetvisor"
            ],
            "Variants": [
                "gorkahelmet_black"
            ]
        },
        {
            "ClassName": "ssh68helmet",
            "MaxPriceThreshold": 500,
            "MinPriceThreshold": 250,
            "SellPricePercent": -1.0,
            "MaxStockThreshold": 100,
            "MinStockThreshold": 1,
            "QuantityPercent": -1,
            "SpawnAttachments": [],
            "Variants": []
        },
        {
            "ClassName": "ballistichelmet_un",
            "MaxPriceThreshold": 500,
            "MinPriceThreshold": 250,
            "SellPricePercent": -1.0,
            "MaxStockThreshold": 100,
            "MinStockThreshold": 1,
            "QuantityPercent": -1,
            "SpawnAttachments": [],
            "Variants": [
                "ballistichelmet_black",
                "ballistichelmet_green"
            ]
        }
    ]
}