{
    "m_Version": 12,
    "DisplayName": "#STR_EXPANSION_MARKET_CATEGORY_SNIPER_RIFLES",
    "Icon": "Deliver",
    "Color": "FBFCFEFF",
    "IsExchange": 0,
    "InitStockPercent": 75.0,
    "Items": [
        {
            "ClassName": "vss",
            "MaxPriceThreshold": 1600,
            "MinPriceThreshold": 1200,
            "SellPricePercent": -1.0,
            "MaxStockThreshold": 100,
            "MinStockThreshold": 1,
            "QuantityPercent": -1,
            "SpawnAttachments": [
                "mag_vss_10rnd"
            ],
            "Variants": []
        },
        {
            "ClassName": "asval",
            "MaxPriceThreshold": 2000,
            "MinPriceThreshold": 1500,
            "SellPricePercent": -1.0,
            "MaxStockThreshold": 100,
            "MinStockThreshold": 1,
            "QuantityPercent": -1,
            "SpawnAttachments": [
                "mag_val_20rnd"
            ],
            "Variants": []
        },
        {
            "ClassName": "b95",
            "MaxPriceThreshold": 1000,
            "MinPriceThreshold": 800,
            "SellPricePercent": -1.0,
            "MaxStockThreshold": 100,
            "MinStockThreshold": 1,
            "QuantityPercent": -1,
            "SpawnAttachments": [],
            "Variants": []
        },
        {
            "ClassName": "svd",
            "MaxPriceThreshold": 2000,
            "MinPriceThreshold": 1500,
            "SellPricePercent": -1.0,
            "MaxStockThreshold": 100,
            "MinStockThreshold": 1,
            "QuantityPercent": -1,
            "SpawnAttachments": [
                "mag_svd_10rnd"
            ],
            "Variants": []
        },
        {
            "ClassName": "scout_chernarus",
            "MaxPriceThreshold": 1800,
            "MinPriceThreshold": 1600,
            "SellPricePercent": -1.0,
            "MaxStockThreshold": 100,
            "MinStockThreshold": 1,
            "QuantityPercent": -1,
            "SpawnAttachments": [
                "mag_scout_5rnd"
            ],
            "Variants": []
        },
		{
            "ClassName": "CZ527",
            "MaxPriceThreshold": 4200,
            "MinPriceThreshold": 2100,
            "SellPricePercent": -1.0,
            "MaxStockThreshold": 100,
            "MinStockThreshold": 1,
            "QuantityPercent": -1,
            "SpawnAttachments": [],
            "Variants": ["CZ527_Black","CZ527_Green","CZ527_Camo"]
        },
		{
            "ClassName": "CZ550",
            "MaxPriceThreshold": 1700,
            "MinPriceThreshold": 1500,
            "SellPricePercent": -1.0,
            "MaxStockThreshold": 100,
            "MinStockThreshold": 1,
            "QuantityPercent": -1,
            "SpawnAttachments": [],
            "Variants": []
        },
		{
            "ClassName": "SKS",
            "MaxPriceThreshold": 1700,
            "MinPriceThreshold": 1500,
            "SellPricePercent": -1.0,
            "MaxStockThreshold": 100,
            "MinStockThreshold": 1,
            "QuantityPercent": -1,
            "SpawnAttachments": [],
            "Variants": ["SKS_Black","SKS_Green"]
        },
		{
            "ClassName": "ruger1022",
            "MaxPriceThreshold": 650,
            "MinPriceThreshold": 400,
            "SellPricePercent": -1.0,
            "MaxStockThreshold": 100,
            "MinStockThreshold": 1,
            "QuantityPercent": -1,
            "SpawnAttachments": [
                "mag_ruger1022_15rnd"
            ],
            "Variants": []
        },
        {
            "ClassName": "repeater",
            "MaxPriceThreshold": 800,
            "MinPriceThreshold": 600,
            "SellPricePercent": -1.0,
            "MaxStockThreshold": 100,
            "MinStockThreshold": 1,
            "QuantityPercent": -1,
            "SpawnAttachments": [],
            "Variants": []
        },
        {
            "ClassName": "mosin9130",
            "MaxPriceThreshold": 900,
            "MinPriceThreshold": 700,
            "SellPricePercent": -1.0,
            "MaxStockThreshold": 100,
            "MinStockThreshold": 1,
            "QuantityPercent": -1,
            "SpawnAttachments": [],
            "Variants": []
        },
        {
            "ClassName": "winchester70",
            "MaxPriceThreshold": 1000,
            "MinPriceThreshold": 700,
            "SellPricePercent": -1.0,
            "MaxStockThreshold": 100,
            "MinStockThreshold": 1,
            "QuantityPercent": -1,
            "SpawnAttachments": [],
            "Variants": []
        }
    ]
}