{
    "m_Version": 12,
    "DisplayName": "MMG Crafts",
    "Icon": "Deliver",
    "Color": "FBFCFEFF",
    "IsExchange": 0,
    "InitStockPercent": 75.0,
    "Items": [
		{
			"ClassName": "mmg_craftable_tent_kit",
			"MaxPriceThreshold":  2500,
			"MinPriceThreshold": 500,
			"SellPricePercent": -1.0,
			"MaxStockThreshold": 150,
			"MinStockThreshold": 1,
			"QuantityPercent": -1,
			"SpawnAttachments": [],
			"Variants": []
		},
		{
			"ClassName": "mmg_gun_rack_planks",
			"MaxPriceThreshold":  3500,
			"MinPriceThreshold": 500,
			"SellPricePercent": -1.0,
			"MaxStockThreshold": 150,
			"MinStockThreshold": 1,
			"QuantityPercent": -1,
			"SpawnAttachments": [],
			"Variants": []
		},
		{
			"ClassName": "mmg_gun_wall_kit_wooden",
			"MaxPriceThreshold":  6500,
			"MinPriceThreshold": 500,
			"SellPricePercent": -1.0,
			"MaxStockThreshold": 150,
			"MinStockThreshold": 1,
			"QuantityPercent": -1,
			"SpawnAttachments": [],
			"Variants": []
		},
		{
			"ClassName": "mmg_gun_wall_kit_metal",
			"MaxPriceThreshold":  6500,
			"MinPriceThreshold": 500,
			"SellPricePercent": -1.0,
			"MaxStockThreshold": 150,
			"MinStockThreshold": 1,
			"QuantityPercent": -1,
			"SpawnAttachments": [],
			"Variants": []
		}
	]
}