{
    "m_Version": 12,
    "DisplayName": "MMG Various",
    "Icon": "Deliver",
    "Color": "FBFCFEFF",
    "IsExchange": 0,
    "InitStockPercent": 75.0,
    "Items": [
		{
			"ClassName": "mmg_fridge_kit_beige",
			"MaxPriceThreshold": 4500,
			"MinPriceThreshold":500,
			"SellPricePercent": -1.0,
			"MaxStockThreshold": 150,
			"MinStockThreshold": 1,
			"QuantityPercent": -1,
			"SpawnAttachments": [],
			"Variants": []
		},
		{
			"ClassName": "mmg_fridge_kit_blue",
			"MaxPriceThreshold": 4500,
			"MinPriceThreshold":500,
			"SellPricePercent": -1.0,
			"MaxStockThreshold": 150,
			"MinStockThreshold": 1,
			"QuantityPercent": -1,
			"SpawnAttachments": [],
			"Variants": []
		},
		{
			"ClassName": "mmg_gear_stand_kit",
			"MaxPriceThreshold": 4500,
			"MinPriceThreshold":500,
			"SellPricePercent": -1.0,
			"MaxStockThreshold": 150,
			"MinStockThreshold": 1,
			"QuantityPercent": -1,
			"SpawnAttachments": [],
			"Variants": []
		},
		{
			"ClassName": "mmg_trashcan_red",
			"MaxPriceThreshold": 4500,
			"MinPriceThreshold":500,
			"SellPricePercent": -1.0,
			"MaxStockThreshold": 150,
			"MinStockThreshold": 1,
			"QuantityPercent": -1,
			"SpawnAttachments": [],
			"Variants": []
		},
		{
			"ClassName": "mmg_trashcan_yellow",
			"MaxPriceThreshold": 4500,
			"MinPriceThreshold":500,
			"SellPricePercent": -1.0,
			"MaxStockThreshold": 150,
			"MinStockThreshold": 1,
			"QuantityPercent": -1,
			"SpawnAttachments": [],
			"Variants": []
		},
		{
			"ClassName": "mmg_trashcan_green",
			"MaxPriceThreshold": 4500,
			"MinPriceThreshold":500,
			"SellPricePercent": -1.0,
			"MaxStockThreshold": 150,
			"MinStockThreshold": 1,
			"QuantityPercent": -1,
			"SpawnAttachments": [],
			"Variants": []
		},
		{
			"ClassName": "mmg_grenade_case_green",
			"MaxPriceThreshold": 4500,
			"MinPriceThreshold":500,
			"SellPricePercent": -1.0,
			"MaxStockThreshold": 150,
			"MinStockThreshold": 1,
			"QuantityPercent": -1,
			"SpawnAttachments": [],
			"Variants": []
		},
		{
			"ClassName": "mmg_toolwagon_red",
			"MaxPriceThreshold": 4500,
			"MinPriceThreshold":500,
			"SellPricePercent": -1.0,
			"MaxStockThreshold": 150,
			"MinStockThreshold": 1,
			"QuantityPercent": -1,
			"SpawnAttachments": [],
			"Variants": []
		},
		{
			"ClassName": "mmg_old_table",
			"MaxPriceThreshold": 4500,
			"MinPriceThreshold":500,
			"SellPricePercent": -1.0,
			"MaxStockThreshold": 150,
			"MinStockThreshold": 1,
			"QuantityPercent": -1,
			"SpawnAttachments": [],
			"Variants": []
		},
		{
			"ClassName": "mmg_wall_shelf_wood",
			"MaxPriceThreshold": 4500,
			"MinPriceThreshold":500,
			"SellPricePercent": -1.0,
			"MaxStockThreshold": 150,
			"MinStockThreshold": 1,
			"QuantityPercent": -1,
			"SpawnAttachments": [],
			"Variants": []
		}
	]
}