{
    "m_Version": 12,
    "DisplayName": "MMG Cases",
    "Icon": "Deliver",
    "Color": "FBFCFEFF",
    "IsExchange": 0,
    "InitStockPercent": 75.0,
    "Items": [
		{
			"ClassName": "mmg_crate04_olive",
			"MaxPriceThreshold":  4500,
			"MinPriceThreshold": 500,
			"SellPricePercent": -1.0,
			"MaxStockThreshold": 150,
			"MinStockThreshold": 1,
			"QuantityPercent": -1,
			"SpawnAttachments": [],
			"Variants": []
		},
		{
			"ClassName": "mmg_crate04_black",
			"MaxPriceThreshold":  4500,
			"MinPriceThreshold": 500,
			"SellPricePercent": -1.0,
			"MaxStockThreshold": 150,
			"MinStockThreshold": 1,
			"QuantityPercent": -1,
			"SpawnAttachments": [],
			"Variants": []
		},
		{
			"ClassName": "mmg_crate04_blue",
			"MaxPriceThreshold": 4500,
			"MinPriceThreshold": 500,
			"SellPricePercent": -1.0,
			"MaxStockThreshold": 150,
			"MinStockThreshold": 1,
			"QuantityPercent": -1,
			"SpawnAttachments": [],
			"Variants": []
		},
		{
			"ClassName": "mmg_crate04_yellow",
			"MaxPriceThreshold": 4500,
			"MinPriceThreshold": 500,
			"SellPricePercent": -1.0,
			"MaxStockThreshold": 150,
			"MinStockThreshold": 1,
			"QuantityPercent": -1,
			"SpawnAttachments": [],
			"Variants": []
		},
		{
			"ClassName": "mmg_crate04_red",
			"MaxPriceThreshold": 4500,
			"MinPriceThreshold": 500,
			"SellPricePercent": -1.0,
			"MaxStockThreshold": 150,
			"MinStockThreshold": 1,
			"QuantityPercent": -1,
			"SpawnAttachments": [],
			"Variants": []
		},
		{
			"ClassName": "mmg_supply_crate_wood",
			"MaxPriceThreshold": 7500,
			"MinPriceThreshold": 500,
			"SellPricePercent": -1.0,
			"MaxStockThreshold": 150,
			"MinStockThreshold": 1,
			"QuantityPercent": -1,
			"SpawnAttachments": [],
			"Variants": []
		},
		{
			"ClassName": "mmg_supply_crate_grey",
			"MaxPriceThreshold": 7500,
			"MinPriceThreshold": 500,
			"SellPricePercent": -1.0,
			"MaxStockThreshold": 150,
			"MinStockThreshold": 1,
			"QuantityPercent": -1,
			"SpawnAttachments": [],
			"Variants": []
		},
		{
			"ClassName": "mmg_army_box_green",
			"MaxPriceThreshold": 4500,
			"MinPriceThreshold": 500,
			"SellPricePercent": -1.0,
			"MaxStockThreshold": 150,
			"MinStockThreshold": 1,
			"QuantityPercent": -1,
			"SpawnAttachments": [],
			"Variants": []
		},
		{
			"ClassName": "mmg_army_box_medic",
			"MaxPriceThreshold": 4500,
			"MinPriceThreshold": 500,
			"SellPricePercent": -1.0,
			"MaxStockThreshold": 150,
			"MinStockThreshold": 1,
			"QuantityPercent": -1,
			"SpawnAttachments": [],
			"Variants": []
		},
		{
			"ClassName": "mmg_army_box_medic_grey",
			"MaxPriceThreshold": 4500,
			"MinPriceThreshold": 500,
			"SellPricePercent": -1.0,
			"MaxStockThreshold": 150,
			"MinStockThreshold": 1,
			"QuantityPercent": -1,
			"SpawnAttachments": [],
			"Variants": []
		},
		{
			"ClassName": "mmg_military_case_green",
			"MaxPriceThreshold": 6500,
			"MinPriceThreshold": 500,
			"SellPricePercent": -1.0,
			"MaxStockThreshold": 150,
			"MinStockThreshold": 1,
			"QuantityPercent": -1,
			"SpawnAttachments": [],
			"Variants": []
		},
		{
			"ClassName": "mmg_weapon_crate_wood",
			"MaxPriceThreshold": 6500,
			"MinPriceThreshold": 500,
			"SellPricePercent": -1.0,
			"MaxStockThreshold": 150,
			"MinStockThreshold": 1,
			"QuantityPercent": -1,
			"SpawnAttachments": [],
			"Variants": []
		},
		{
			"ClassName": "mmg_palette_storage",
			"MaxPriceThreshold": 4500,
			"MinPriceThreshold": 500,
			"SellPricePercent": -1.0,
			"MaxStockThreshold": 150,
			"MinStockThreshold": 1,
			"QuantityPercent": -1,
			"SpawnAttachments": [],
			"Variants": []
		}
	]
}