{
    "m_Version": 12,
    "DisplayName": "RED FALCON HELIS",
    "Icon": "Deliver",
    "Color": "FBFCFEFF",
    "IsExchange": 0,
    "InitStockPercent": 75.0,
    "Items": [
        {
            "ClassName": "RFFSHeli_Apache",
            "MaxPriceThreshold": 500000,
            "MinPriceThreshold": 300000,
            "SellPricePercent": -1.0,
            "MaxStockThreshold": 1,
            "MinStockThreshold": 1,
            "QuantityPercent": -1,
            "SpawnAttachments": [
                "RFFSHeli_hydraulic_hoses",
                "RFFSHeli_wiring_harness",
                "RFFSHeli_igniter_plug",
                "RFFSHeli_aviation_battery",
                "HeadlightH7"
            ],
            "Variants": ["RFFSHeli_Apache_Desert","RFFSHeli_Apache_Winter"]
        },
        {
            "ClassName": "RFFSHeli_Mi2",
            "MaxPriceThreshold": 4000000,
            "MinPriceThreshold": 2000000,
            "SellPricePercent": -1.0,
            "MaxStockThreshold": 1,
            "MinStockThreshold": 1,
            "QuantityPercent": -1,
            "SpawnAttachments": [
                "RFFSHeli_hydraulic_hoses",
                "RFFSHeli_wiring_harness",
                "RFFSHeli_igniter_plug",
                "RFFSHeli_aviation_battery",
                "HeadlightH7"
            ],
            "Variants": ["RFFSHeli_Mi2_Military","RFFSHeli_Mi2_Hornet"]
        },
        {
            "ClassName": "RFFSHeli_Bell429_Police",
            "MaxPriceThreshold": 4000000,
            "MinPriceThreshold": 2000000,
            "SellPricePercent": -1.0,
            "MaxStockThreshold": 1,
            "MinStockThreshold": 1,
            "QuantityPercent": -1,
            "SpawnAttachments": [
                "RFFSHeli_hydraulic_hoses",
                "RFFSHeli_wiring_harness",
                "RFFSHeli_igniter_plug",
                "RFFSHeli_aviation_battery",
                "HeadlightH7"
            ],
            "Variants": ["RFFSHeli_Bell429_Medic"]
        },
        {
            "ClassName": "RFFSHeli_KA26",
            "MaxPriceThreshold": 4000000,
            "MinPriceThreshold": 2000000,
            "SellPricePercent": -1.0,
            "MaxStockThreshold": 1,
            "MinStockThreshold": 1,
            "QuantityPercent": -1,
            "SpawnAttachments": [
                "RFFSHeli_hydraulic_hoses",
                "RFFSHeli_wiring_harness",
                "RFFSHeli_igniter_plug",
                "RFFSHeli_aviation_battery",
                "HeadlightH7"
            ],
            "Variants": []
        },
        {
            "ClassName": "RFFSHeli_LittleBird",
            "MaxPriceThreshold": 500000,
            "MinPriceThreshold": 500000,
            "SellPricePercent": -1.0,
            "MaxStockThreshold": 1,
            "MinStockThreshold": 1,
            "QuantityPercent": -1,
            "SpawnAttachments": [
                "RFFSHeli_hydraulic_hoses",
                "RFFSHeli_wiring_harness",
                "RFFSHeli_igniter_plug",
                "RFFSHeli_aviation_battery",
                "HeadlightH7"
            ],
            "Variants": ["RFFSHeli_LittleBird_Desert","RFFSHeli_LittleBird_Camo"]
        },
        {
            "ClassName": "RFFSHeli_Bo105m",
            "MaxPriceThreshold": 4000000,
            "MinPriceThreshold": 2000000,
            "SellPricePercent": -1.0,
            "MaxStockThreshold": 1,
            "MinStockThreshold": 1,
            "QuantityPercent": -1,
            "SpawnAttachments": [
                "RFFSHeli_hydraulic_hoses",
                "RFFSHeli_wiring_harness",
                "RFFSHeli_igniter_plug",
                "RFFSHeli_aviation_battery",
                "HeadlightH7",
                "HeadlightH7"
            ],
            "Variants": ["RFFSHeli_Bo105m_blackcamo"]
        },
        {
            "ClassName": "RFFSHeli_R22",
            "MaxPriceThreshold": 4000000,
            "MinPriceThreshold": 2000000,
            "SellPricePercent": -1.0,
            "MaxStockThreshold": 1,
            "MinStockThreshold": 1,
            "QuantityPercent": -1,
            "SpawnAttachments": [
                "RFFSHeli_hydraulic_hoses",
                "RFFSHeli_wiring_harness",
                "RFFSHeli_igniter_plug",
                "RFFSHeli_aviation_battery",
                "HeadlightH7"
            ],
            "Variants": ["RFFSHeli_R22_Red","RFFSHeli_R22_Black"]
        },
        {
            "ClassName": "RFFSHeli_Blackhawk",
            "MaxPriceThreshold": 4000000,
            "MinPriceThreshold": 2000000,
            "SellPricePercent": -1.0,
            "MaxStockThreshold": 1,
            "MinStockThreshold": 1,
            "QuantityPercent": -1,
            "SpawnAttachments": [
                "RFFSHeli_hydraulic_hoses",
                "RFFSHeli_wiring_harness",
                "RFFSHeli_igniter_plug",
                "RFFSHeli_aviation_battery",
                "HeadlightH7",
                "HeadlightH7"
            ],
            "Variants": ["RFFSHeli_Blackhawk_Woodland","RFFSHeli_Blackhawk_blackblackhawk","RFFSHeli_Blackhawk_Budhawk"]
        },
        {
            "ClassName": "RFFSHeli_Blackhawk_Cargo",
            "MaxPriceThreshold": 4000000,
            "MinPriceThreshold": 2000000,
            "SellPricePercent": -1.0,
            "MaxStockThreshold": 1,
            "MinStockThreshold": 1,
            "QuantityPercent": -1,
            "SpawnAttachments": [
                "RFFSHeli_hydraulic_hoses",
                "RFFSHeli_wiring_harness",
                "RFFSHeli_igniter_plug",
                "RFFSHeli_aviation_battery",
                "HeadlightH7",
                "HeadlightH7"
            ],
            "Variants": []
        },
        {
            "ClassName": "RFFSHeli_CH53e",
            "MaxPriceThreshold": 4000000,
            "MinPriceThreshold": 2000000,
            "SellPricePercent": -1.0,
            "MaxStockThreshold": 1,
            "MinStockThreshold": 1,
            "QuantityPercent": -1,
            "SpawnAttachments": [
                "RFFSHeli_hydraulic_hoses",
                "RFFSHeli_wiring_harness",
                "RFFSHeli_igniter_plug",
                "RFFSHeli_aviation_battery",
                "HeadlightH7",
                "HeadlightH7"
            ],
            "Variants": []
        },
        {
            "ClassName": "RFFSHeli_CH47",
            "MaxPriceThreshold": 4000000,
            "MinPriceThreshold": 2000000,
            "SellPricePercent": -1.0,
            "MaxStockThreshold": 1,
            "MinStockThreshold": 1,
            "QuantityPercent": -1,
            "SpawnAttachments": [
                "RFFSHeli_hydraulic_hoses",
                "RFFSHeli_wiring_harness",
                "RFFSHeli_igniter_plug",
                "RFFSHeli_aviation_battery",
                "HeadlightH7",
                "HeadlightH7"
            ],
            "Variants": []
        },
        {
            "ClassName": "RFFSHeli_EC135",
            "MaxPriceThreshold": 4000000,
            "MinPriceThreshold": 2000000,
            "SellPricePercent": -1.0,
            "MaxStockThreshold": 1,
            "MinStockThreshold": 1,
            "QuantityPercent": -1,
            "SpawnAttachments": [
                "RFFSHeli_hydraulic_hoses",
                "RFFSHeli_wiring_harness",
                "RFFSHeli_igniter_plug",
                "RFFSHeli_aviation_battery",
                "HeadlightH7",
                "HeadlightH7"
            ],
            "Variants": ["RFFSHeli_EC135_BlackCamo"]
        }
    ]
}