{
    "m_Version": 12,
    "DisplayName": "Tactical Flava Foregrips",
    "Icon": "Deliver",
    "Color": "ffa424",
    "IsExchange": 0,
    "InitStockPercent": 75.0,
    "Items": [
		{
			"ClassName": "TF_ZenitRK1B25U_RIS_Grip",
			"MaxPriceThreshold": 20,
			"MinPriceThreshold": 10,
			"SellPricePercent": -1.0,
			"MaxStockThreshold": 100,
			"MinStockThreshold": 10,
			"QuantityPercent": -1,
			"SpawnAttachments": [],
			"Variants": []
		},
		{
			"ClassName": "TF_Zenit_RK4_RIS_Grip",
			"MaxPriceThreshold": 20,
			"MinPriceThreshold": 10,
			"SellPricePercent": -1.0,
			"MaxStockThreshold": 100,
			"MinStockThreshold": 10,
			"QuantityPercent": -1,
			"SpawnAttachments": [],
			"Variants": []
		}
	]
}