{
    "m_Version": 12,
    "DisplayName": "Tactical Flava Visors & Goggles",
    "Icon": "Deliver",
    "Color": "ffa424",
    "IsExchange": 0,
    "InitStockPercent": 75.0,
    "Items": [
		{
			"ClassName": "TF_Maska1Visor",
			"MaxPriceThreshold": 10,
			"MinPriceThreshold": 5,
			"SellPricePercent": -1.0,
			"MaxStockThreshold": 100,
			"MinStockThreshold": 1,
			"QuantityPercent": -1,
			"SpawnAttachments": [],
			"Variants": []
		},
		{
			"ClassName": "TF_Maska1SchVisor",
			"MaxPriceThreshold": 10,
			"MinPriceThreshold": 5,
			"SellPricePercent": -1.0,
			"MaxStockThreshold": 100,
			"MinStockThreshold": 1,
			"QuantityPercent": -1,
			"SpawnAttachments": [],
			"Variants": []
		},
		{
			"ClassName": "TF_NVGoggles_AVS9",
			"MaxPriceThreshold": 10,
			"MinPriceThreshold": 5,
			"SellPricePercent": -1.0,
			"MaxStockThreshold": 100,
			"MinStockThreshold": 1,
			"QuantityPercent": -1,
			"SpawnAttachments": [],
			"Variants": []
		},
		{
			"ClassName": "TF_NVGoggles_PVS14",
			"MaxPriceThreshold": 10,
			"MinPriceThreshold": 5,
			"SellPricePercent": -1.0,
			"MaxStockThreshold": 100,
			"MinStockThreshold": 1,
			"QuantityPercent": -1,
			"SpawnAttachments": [],
			"Variants": []
		},
		{
			"ClassName": "TF_NVGoggles_PVS15",
			"MaxPriceThreshold": 10,
			"MinPriceThreshold": 5,
			"SellPricePercent": -1.0,
			"MaxStockThreshold": 100,
			"MinStockThreshold": 1,
			"QuantityPercent": -1,
			"SpawnAttachments": [],
			"Variants": []
		},
		{
			"ClassName": "TF_NVGoggles_PNV10T",
			"MaxPriceThreshold": 10,
			"MinPriceThreshold": 5,
			"SellPricePercent": -1.0,
			"MaxStockThreshold": 100,
			"MinStockThreshold": 1,
			"QuantityPercent": -1,
			"SpawnAttachments": [],
			"Variants": []
		}
	]
}