{
    "m_Version": 12,
    "DisplayName": "Tactical Flava Pistols & Launchers",
    "Icon": "Deliver",
    "Color": "ffa424",
    "IsExchange": 0,
    "InitStockPercent": 75.0,
    "Items": [
		{
			"ClassName": "TF_FiveSeven",
			"MaxPriceThreshold": 250,
			"MinPriceThreshold": 100,
			"SellPricePercent": -1.0,
			"MaxStockThreshold": 300,
			"MinStockThreshold": 1,
			"QuantityPercent": -1,
			"SpawnAttachments": [],
			"Variants": []
		},
		{
			"ClassName": "TF_MakarovPB",
			"MaxPriceThreshold": 250,
			"MinPriceThreshold": 100,
			"SellPricePercent": -1.0,
			"MaxStockThreshold": 300,
			"MinStockThreshold": 1,
			"QuantityPercent": -1,
			"SpawnAttachments": [],
			"Variants": []
		},
		{
			"ClassName": "TF_MP443",
			"MaxPriceThreshold": 250,
			"MinPriceThreshold": 100,
			"SellPricePercent": -1.0,
			"MaxStockThreshold": 300,
			"MinStockThreshold": 1,
			"QuantityPercent": -1,
			"SpawnAttachments": [],
			"Variants": []
		},
				{
			"ClassName": "TF_M79",
			"MaxPriceThreshold": 250,
			"MinPriceThreshold": 100,
			"SellPricePercent": -1.0,
			"MaxStockThreshold": 300,
			"MinStockThreshold": 1,
			"QuantityPercent": -1,
			"SpawnAttachments": [],
			"Variants": ["TF_M79_AOR1"]
		}
	]
}