{
	"m_Version": 12,
	"DisplayName": "Tactical Flava Pouches & Holsters",
	"Icon": "Deliver",
	"Color": "ffa424",
	"IsExchange": 0,
	"InitStockPercent": 75.0,
	"Items": [{
			"ClassName": "TF_DumpMagPouch",
			"MaxPriceThreshold": 50,
			"MinPriceThreshold": 30,
			"SellPricePercent": -1.0,
			"MaxStockThreshold": 200,
			"MinStockThreshold": 1,
			"QuantityPercent": -1,
			"SpawnAttachments": [],
			"Variants": ["TF_DumpMagPouch_Khaki"]
		},
		{
			"ClassName": "TF_Mag3Pouch",
			"MaxPriceThreshold": 50,
			"MinPriceThreshold": 30,
			"SellPricePercent": -1.0,
			"MaxStockThreshold": 200,
			"MinStockThreshold": 1,
			"QuantityPercent": -1,
			"SpawnAttachments": [],
			"Variants": ["TF_Mag3Pouch_Khaki"]
		},
		{
			"ClassName": "TF_2GrenPouch",
			"MaxPriceThreshold": 50,
			"MinPriceThreshold": 30,
			"SellPricePercent": -1.0,
			"MaxStockThreshold": 200,
			"MinStockThreshold": 1,
			"QuantityPercent": -1,
			"SpawnAttachments": [],
			"Variants": ["TF_2GrenPouch_Khaki"]
		},
		{
			"ClassName": "TF_AVSMag3Pouch_Coyote",
			"MaxPriceThreshold": 50,
			"MinPriceThreshold": 30,
			"SellPricePercent": -1.0,
			"MaxStockThreshold": 200,
			"MinStockThreshold": 1,
			"QuantityPercent": -1,
			"SpawnAttachments": [],
			"Variants": ["TF_AVSMag3Pouch_Khaki"]
		},
		{
			"ClassName": "TF_FastMag3Pouch_Khaki",
			"MaxPriceThreshold": 50,
			"MinPriceThreshold": 30,
			"SellPricePercent": -1.0,
			"MaxStockThreshold": 200,
			"MinStockThreshold": 1,
			"QuantityPercent": -1,
			"SpawnAttachments": [],
			"Variants": ["TF_Fasty_Coyote"]
		},
		{
			"ClassName": "TF_AFAKMedPouch_Khaki",
			"MaxPriceThreshold": 50,
			"MinPriceThreshold": 30,
			"SellPricePercent": -1.0,
			"MaxStockThreshold": 200,
			"MinStockThreshold": 1,
			"QuantityPercent": -1,
			"SpawnAttachments": [],
			"Variants": ["TF_AFAKMedPouch_Coyote"]
		},
		{
			"ClassName": "TF_MedPouch1",
			"MaxPriceThreshold": 50,
			"MinPriceThreshold": 30,
			"SellPricePercent": -1.0,
			"MaxStockThreshold": 200,
			"MinStockThreshold": 1,
			"QuantityPercent": -1,
			"SpawnAttachments": [],
			"Variants": ["TF_MedPouch1_Khaki"]
		},
		{
			"ClassName": "TF_MedPouch2",
			"MaxPriceThreshold": 50,
			"MinPriceThreshold": 30,
			"SellPricePercent": -1.0,
			"MaxStockThreshold": 200,
			"MinStockThreshold": 1,
			"QuantityPercent": -1,
			"SpawnAttachments": [],
			"Variants": ["TF_MedPouch2_Coyote"]
		},
		{
			"ClassName": "TF_MedPouch3",
			"MaxPriceThreshold": 50,
			"MinPriceThreshold": 30,
			"SellPricePercent": -1.0,
			"MaxStockThreshold": 200,
			"MinStockThreshold": 1,
			"QuantityPercent": -1,
			"SpawnAttachments": [],
			"Variants": ["TF_MedPouch3_Khaki"]
		},
		{
			"ClassName": "TF_AVSGren2Pouch_Coyote",
			"MaxPriceThreshold": 50,
			"MinPriceThreshold": 30,
			"SellPricePercent": -1.0,
			"MaxStockThreshold": 200,
			"MinStockThreshold": 1,
			"QuantityPercent": -1,
			"SpawnAttachments": [],
			"Variants": ["TF_AVSGren2Pouch_Khaki"]
		},
		{
			"ClassName": "TF_3GrenPouch",
			"MaxPriceThreshold": 50,
			"MinPriceThreshold": 30,
			"SellPricePercent": -1.0,
			"MaxStockThreshold": 200,
			"MinStockThreshold": 1,
			"QuantityPercent": -1,
			"SpawnAttachments": [],
			"Variants": ["TF_3GrenPouch_Khaki"]
		},
		{
			"ClassName": "TF_LargeUtilityPouch_Khaki",
			"MaxPriceThreshold": 50,
			"MinPriceThreshold": 30,
			"SellPricePercent": -1.0,
			"MaxStockThreshold": 200,
			"MinStockThreshold": 1,
			"QuantityPercent": -1,
			"SpawnAttachments": [],
			"Variants": ["TF_LargeUtilityPouch_Coyote"]
		},
		{
			"ClassName": "TF_JPCMag3Pouch_Coyote",
			"MaxPriceThreshold": 50,
			"MinPriceThreshold": 30,
			"SellPricePercent": -1.0,
			"MaxStockThreshold": 200,
			"MinStockThreshold": 1,
			"QuantityPercent": -1,
			"SpawnAttachments": [],
			"Variants": []
		},
		{
			"ClassName": "TF_PlateCarrierPouches_EMR",
			"MaxPriceThreshold": 50,
			"MinPriceThreshold": 30,
			"SellPricePercent": -1.0,
			"MaxStockThreshold": 200,
			"MinStockThreshold": 1,
			"QuantityPercent": -1,
			"SpawnAttachments": [],
			"Variants": ["TF_PlateCarrierPouches_Coyote"]
		},
		{
			"ClassName": "TF_PlateCarrierHolster_EMR",
			"MaxPriceThreshold": 50,
			"MinPriceThreshold": 30,
			"SellPricePercent": -1.0,
			"MaxStockThreshold": 200,
			"MinStockThreshold": 1,
			"QuantityPercent": -1,
			"SpawnAttachments": [],
			"Variants": ["TF_PlateCarrierHolster_Coyote"]
		},
		{
			"ClassName": "TF_FannyPack_Coyote",
			"MaxPriceThreshold": 50,
			"MinPriceThreshold": 30,
			"SellPricePercent": -1.0,
			"MaxStockThreshold": 200,
			"MinStockThreshold": 1,
			"QuantityPercent": -1,
			"SpawnAttachments": [],
			"Variants": []
		},
		{
			"ClassName": "TF_AVSBag_Coyote",
			"MaxPriceThreshold": 50,
			"MinPriceThreshold": 30,
			"SellPricePercent": -1.0,
			"MaxStockThreshold": 200,
			"MinStockThreshold": 1,
			"QuantityPercent": -1,
			"SpawnAttachments": [],
			"Variants": ["TF_AVSBag_Khaki"]
		},
		{
			"ClassName": "TF_MAPBag_Khaki",
			"MaxPriceThreshold": 50,
			"MinPriceThreshold": 30,
			"SellPricePercent": -1.0,
			"MaxStockThreshold": 200,
			"MinStockThreshold": 1,
			"QuantityPercent": -1,
			"SpawnAttachments": [],
			"Variants": ["TF_MAPBag_Coyote"]
		},
		{
			"ClassName": "TF_6kh5KnifeSheath",
			"MaxPriceThreshold": 50,
			"MinPriceThreshold": 30,
			"SellPricePercent": -1.0,
			"MaxStockThreshold": 200,
			"MinStockThreshold": 1,
			"QuantityPercent": -1,
			"SpawnAttachments": [],
			"Variants": []
		},
		{
			"ClassName": "TF_AK_6kh5Bayonet",
			"MaxPriceThreshold": 45,
			"MinPriceThreshold": 25,
			"SellPricePercent": -1.0,
			"MaxStockThreshold": 150,
			"MinStockThreshold": 10,
			"QuantityPercent": -1,
			"SpawnAttachments": [],
			"Variants": []
		}
	]
}