{
    "m_Version": 12,
    "DisplayName": "Tactical Flava Buttstocks",
    "Icon": "Deliver",
    "Color": "ffa424",
    "IsExchange": 0,
    "InitStockPercent": 75.0,
    "Items": [
		{
			"ClassName": "TF_AK_AdapterBttstck",
			"MaxPriceThreshold": 20,
			"MinPriceThreshold": 10,
			"SellPricePercent": -1.0,
			"MaxStockThreshold": 100,
			"MinStockThreshold": 10,
			"QuantityPercent": -1,
			"SpawnAttachments": [],
			"Variants": []
		},
		{
			"ClassName": "TF_AK_MVRIBttstck",
			"MaxPriceThreshold": 20,
			"MinPriceThreshold": 10,
			"SellPricePercent": -1.0,
			"MaxStockThreshold": 100,
			"MinStockThreshold": 10,
			"QuantityPercent": -1,
			"SpawnAttachments": [],
			"Variants": []
		},
		{
			"ClassName": "TF_AK_Zenit_PT1Bttstck",
			"MaxPriceThreshold": 20,
			"MinPriceThreshold": 10,
			"SellPricePercent": -1.0,
			"MaxStockThreshold": 100,
			"MinStockThreshold": 10,
			"QuantityPercent": -1,
			"SpawnAttachments": [],
			"Variants": []
		},
		{
			"ClassName": "TF_AN94_AdapterBttstck",
			"MaxPriceThreshold": 20,
			"MinPriceThreshold": 10,
			"SellPricePercent": -1.0,
			"MaxStockThreshold": 100,
			"MinStockThreshold": 10,
			"QuantityPercent": -1,
			"SpawnAttachments": [],
			"Variants": []
		},
		{
			"ClassName": "TF_AN94_PlasticBttstck",
			"MaxPriceThreshold": 20,
			"MinPriceThreshold": 10,
			"SellPricePercent": -1.0,
			"MaxStockThreshold": 100,
			"MinStockThreshold": 10,
			"QuantityPercent": -1,
			"SpawnAttachments": [],
			"Variants": []
		},
		{
			"ClassName": "TF_M4CraneBttstck",
			"MaxPriceThreshold": 20,
			"MinPriceThreshold": 10,
			"SellPricePercent": -1.0,
			"MaxStockThreshold": 100,
			"MinStockThreshold": 10,
			"QuantityPercent": -1,
			"SpawnAttachments": [],
			"Variants": []
		},
		{
			"ClassName": "TF_M4_ADARBttstck",
			"MaxPriceThreshold": 20,
			"MinPriceThreshold": 10,
			"SellPricePercent": -1.0,
			"MaxStockThreshold": 100,
			"MinStockThreshold": 10,
			"QuantityPercent": -1,
			"SpawnAttachments": [],
			"Variants": []
		},
		{
			"ClassName": "TF_M4_CMMG_RIPBttstck",
			"MaxPriceThreshold": 20,
			"MinPriceThreshold": 10,
			"SellPricePercent": -1.0,
			"MaxStockThreshold": 100,
			"MinStockThreshold": 10,
			"QuantityPercent": -1,
			"SpawnAttachments": [],
			"Variants": []
		},
		{
			"ClassName": "TF_SCAR_Mk20Bttstck_FDE",
			"MaxPriceThreshold": 20,
			"MinPriceThreshold": 10,
			"SellPricePercent": -1.0,
			"MaxStockThreshold": 100,
			"MinStockThreshold": 10,
			"QuantityPercent": -1,
			"SpawnAttachments": [],
			"Variants": [
				"TF_SCAR_Mk20Bttstck_Black",
				"TF_SCAR_Mk20Bttstck_SHD"
			]
		},
		{
			"ClassName": "TF_SCAR_StndBttstck_FDE",
			"MaxPriceThreshold": 20,
			"MinPriceThreshold": 10,
			"SellPricePercent": -1.0,
			"MaxStockThreshold": 100,
			"MinStockThreshold": 10,
			"QuantityPercent": -1,
			"SpawnAttachments": [],
			"Variants": []
		},
		{
			"ClassName": "TF_SCAR_VadapterBttstck",
			"MaxPriceThreshold": 20,
			"MinPriceThreshold": 10,
			"SellPricePercent": -1.0,
			"MaxStockThreshold": 100,
			"MinStockThreshold": 10,
			"QuantityPercent": -1,
			"SpawnAttachments": [],
			"Variants": []
		},
				{
			"ClassName": "TF_AK_MagpulZhukovBttstck",
			"MaxPriceThreshold": 20,
			"MinPriceThreshold": 10,
			"SellPricePercent": -1.0,
			"MaxStockThreshold": 100,
			"MinStockThreshold": 10,
			"QuantityPercent": -1,
			"SpawnAttachments": [],
			"Variants": []
		},
		{
			"ClassName": "TF_M4_B5PrecisionBttstck",
			"MaxPriceThreshold": 20,
			"MinPriceThreshold": 10,
			"SellPricePercent": -1.0,
			"MaxStockThreshold": 100,
			"MinStockThreshold": 10,
			"QuantityPercent": -1,
			"SpawnAttachments": [],
			"Variants": []
		},
		{
			"ClassName": "TF_M4_FABDGLCoreBttstck",
			"MaxPriceThreshold": 20,
			"MinPriceThreshold": 10,
			"SellPricePercent": -1.0,
			"MaxStockThreshold": 100,
			"MinStockThreshold": 10,
			"QuantityPercent": -1,
			"SpawnAttachments": [],
			"Variants": []
		},
		{
			"ClassName": "TF_M16_Bttstck",
			"MaxPriceThreshold": 20,
			"MinPriceThreshold": 10,
			"SellPricePercent": -1.0,
			"MaxStockThreshold": 100,
			"MinStockThreshold": 10,
			"QuantityPercent": -1,
			"SpawnAttachments": [],
			"Variants": []
		},
		{
			"ClassName": "TF_M4_MagpulPRSGen3Bttstck_Black",
			"MaxPriceThreshold": 20,
			"MinPriceThreshold": 10,
			"SellPricePercent": -1.0,
			"MaxStockThreshold": 100,
			"MinStockThreshold": 10,
			"QuantityPercent": -1,
			"SpawnAttachments": [],
			"Variants": ["TF_M4_MagpulPRSGen3Bttstck_Grey"]
		},
		{
			"ClassName": "TF_PKM_CNCC39Bttstck",
			"MaxPriceThreshold": 20,
			"MinPriceThreshold": 10,
			"SellPricePercent": -1.0,
			"MaxStockThreshold": 100,
			"MinStockThreshold": 10,
			"QuantityPercent": -1,
			"SpawnAttachments": [],
			"Variants": []
		},
		{
			"ClassName": "TF_PKM_ZenitPT2Bttstck",
			"MaxPriceThreshold": 20,
			"MinPriceThreshold": 10,
			"SellPricePercent": -1.0,
			"MaxStockThreshold": 100,
			"MinStockThreshold": 10,
			"QuantityPercent": -1,
			"SpawnAttachments": [],
			"Variants": []
		},
		{
			"ClassName": "TF_PKM_WoodBttstck",
			"MaxPriceThreshold": 20,
			"MinPriceThreshold": 10,
			"SellPricePercent": -1.0,
			"MaxStockThreshold": 100,
			"MinStockThreshold": 10,
			"QuantityPercent": -1,
			"SpawnAttachments": [],
			"Variants": []
		},
		{
			"ClassName": "TF_PKP_PlasticBttstck",
			"MaxPriceThreshold": 20,
			"MinPriceThreshold": 10,
			"SellPricePercent": -1.0,
			"MaxStockThreshold": 100,
			"MinStockThreshold": 10,
			"QuantityPercent": -1,
			"SpawnAttachments": [],
			"Variants": []
		}
	]
}