{
    "m_Version": 12,
    "DisplayName": "Tactical Flava Extras",
    "Icon": "Deliver",
    "Color": "ffa424",
    "IsExchange": 0,
    "InitStockPercent": 75.0,
    "Items": [
		{
			"ClassName": "TF_AK_6kh5Bayonet",
			"MaxPriceThreshold": 45,
			"MinPriceThreshold": 25,
			"SellPricePercent": -1.0,
			"MaxStockThreshold": 150,
			"MinStockThreshold": 10,
			"QuantityPercent": -1,
			"SpawnAttachments": [],
			"Variants": []
		},
		{
			"ClassName": "TF_6kh5KnifeSheath",
			"MaxPriceThreshold": 45,
			"MinPriceThreshold": 25,
			"SellPricePercent": -1.0,
			"MaxStockThreshold": 150,
			"MinStockThreshold": 10,
			"QuantityPercent": -1,
			"SpawnAttachments": [],
			"Variants": []
		}
	]
}