{
    "m_Version": 12,
    "DisplayName": "Tactical Flava Pistol Grips",
    "Icon": "Deliver",
    "Color": "ffa424",
    "IsExchange": 0,
    "InitStockPercent": 75.0,
    "Items": [
		{
			"ClassName": "TF_M4_MIADPistolGrip_FDE",
			"MaxPriceThreshold": 20,
			"MinPriceThreshold": 10,
			"SellPricePercent": -1.0,
			"MaxStockThreshold": 200,
			"MinStockThreshold": 1,
			"QuantityPercent": -1,
			"SpawnAttachments": [],
			"Variants": []
		},
		{
			"ClassName": "TF_AK_ZenitRK3PistolGrip",
			"MaxPriceThreshold": 20,
			"MinPriceThreshold": 10,
			"SellPricePercent": -1.0,
			"MaxStockThreshold": 200,
			"MinStockThreshold": 1,
			"QuantityPercent": -1,
			"SpawnAttachments": [],
			"Variants": []
		},
				{
			"ClassName": "TF_M4_MOEPistolGrip_FDE",
			"MaxPriceThreshold": 20,
			"MinPriceThreshold": 10,
			"SellPricePercent": -1.0,
			"MaxStockThreshold": 200,
			"MinStockThreshold": 1,
			"QuantityPercent": -1,
			"SpawnAttachments": [],
			"Variants": ["TF_M4_MOEPistolGrip_Black"]
		},
		{
			"ClassName": "TF_M4_OMRGPistolGrip_FDE",
			"MaxPriceThreshold": 20,
			"MinPriceThreshold": 10,
			"SellPricePercent": -1.0,
			"MaxStockThreshold": 200,
			"MinStockThreshold": 1,
			"QuantityPercent": -1,
			"SpawnAttachments": [],
			"Variants": ["TF_M4_OMRGPistolGrip_Black"]
		},
		{
			"ClassName": "TF_M4_TDSPistolGrip",
			"MaxPriceThreshold": 20,
			"MinPriceThreshold": 10,
			"SellPricePercent": -1.0,
			"MaxStockThreshold": 200,
			"MinStockThreshold": 1,
			"QuantityPercent": -1,
			"SpawnAttachments": [],
			"Variants": []
		},
		{
			"ClassName": "TF_AK_KGBMG47PistolGrip_FDE",
			"MaxPriceThreshold": 20,
			"MinPriceThreshold": 10,
			"SellPricePercent": -1.0,
			"MaxStockThreshold": 200,
			"MinStockThreshold": 1,
			"QuantityPercent": -1,
			"SpawnAttachments": [],
			"Variants": []
		},
		{
			"ClassName": "TF_AK_MOEPistolGrip_Black",
			"MaxPriceThreshold": 20,
			"MinPriceThreshold": 10,
			"SellPricePercent": -1.0,
			"MaxStockThreshold": 200,
			"MinStockThreshold": 1,
			"QuantityPercent": -1,
			"SpawnAttachments": [],
			"Variants": []
		},
		{
			"ClassName": "TF_AK_TAPCOPistolGrip_Black",
			"MaxPriceThreshold": 20,
			"MinPriceThreshold": 10,
			"SellPricePercent": -1.0,
			"MaxStockThreshold": 200,
			"MinStockThreshold": 1,
			"QuantityPercent": -1,
			"SpawnAttachments": [],
			"Variants": ["TF_AK_TAPCOPistolGrip_FDE"]
		}
	]
}