{
    "m_Version": 12,
    "DisplayName": "Tactical Flava Suppressors",
    "Icon": "Deliver",
    "Color": "ffa424",
    "IsExchange": 0,
    "InitStockPercent": 75.0,
    "Items": [
		{
			"ClassName": "TF_AEK999_Suppressor",
			"MaxPriceThreshold": 80,
			"MinPriceThreshold": 50,
			"SellPricePercent": -1.0,
			"MaxStockThreshold": 100,
			"MinStockThreshold": 1,
			"QuantityPercent": -1,
			"SpawnAttachments": [],
			"Variants": []
		},
		{
			"ClassName": "TF_AK_Rotor43Suppressor",
			"MaxPriceThreshold": 80,
			"MinPriceThreshold": 50,
			"SellPricePercent": -1.0,
			"MaxStockThreshold": 100,
			"MinStockThreshold": 1,
			"QuantityPercent": -1,
			"SpawnAttachments": [],
			"Variants": []
		},
		{
			"ClassName": "TF_SCAR_Suppressor_Black",
			"MaxPriceThreshold": 80,
			"MinPriceThreshold": 50,
			"SellPricePercent": -1.0,
			"MaxStockThreshold": 100,
			"MinStockThreshold": 1,
			"QuantityPercent": -1,
			"SpawnAttachments": [],
			"Variants": []
		},
		{
			"ClassName": "TF_MakarovPB_Suppressor",
			"MaxPriceThreshold": 80,
			"MinPriceThreshold": 50,
			"SellPricePercent": -1.0,
			"MaxStockThreshold": 100,
			"MinStockThreshold": 1,
			"QuantityPercent": -1,
			"SpawnAttachments": [],
			"Variants": []
		},
		{
			"ClassName": "TF_OTs_14_Groza_Suppressor",
			"MaxPriceThreshold": 80,
			"MinPriceThreshold": 50,
			"SellPricePercent": -1.0,
			"MaxStockThreshold": 100,
			"MinStockThreshold": 1,
			"QuantityPercent": -1,
			"SpawnAttachments": [],
			"Variants": []
		},
		{
			"ClassName": "TF_AK_PBS1Suppressor",
			"MaxPriceThreshold": 80,
			"MinPriceThreshold": 50,
			"SellPricePercent": -1.0,
			"MaxStockThreshold": 100,
			"MinStockThreshold": 1,
			"QuantityPercent": -1,
			"SpawnAttachments": [],
			"Variants": []
		},
		{
			"ClassName": "TF_M4_SOCOMSuppressor",
			"MaxPriceThreshold": 80,
			"MinPriceThreshold": 50,
			"SellPricePercent": -1.0,
			"MaxStockThreshold": 100,
			"MinStockThreshold": 1,
			"QuantityPercent": -1,
			"SpawnAttachments": [],
			"Variants": []
		},
		{
			"ClassName": "TF_MAR10_Suppressor",
			"MaxPriceThreshold": 80,
			"MinPriceThreshold": 50,
			"SellPricePercent": -1.0,
			"MaxStockThreshold": 100,
			"MinStockThreshold": 1,
			"QuantityPercent": -1,
			"SpawnAttachments": [],
			"Variants": []
		}
	]
}