{
    "m_Version": 12,
    "DisplayName": "Tactical Flava Optics",
    "Icon": "Deliver",
    "Color": "ffa424",
    "IsExchange": 0,
    "InitStockPercent": 75.0,
    "Items": [
		{
			"ClassName": "TF_ElcanSpecterDROptic_FDE",
			"MaxPriceThreshold": 80,
			"MinPriceThreshold": 50,
			"SellPricePercent": -1.0,
			"MaxStockThreshold": 100,
			"MinStockThreshold": 1,
			"QuantityPercent": -1,
			"SpawnAttachments": [],
			"Variants": ["TF_ElcanSpecterDROptic_Black"]
		},
		{
			"ClassName": "TF_ElcanSpecterDR_6xOptic_FDE",
			"MaxPriceThreshold": 80,
			"MinPriceThreshold": 50,
			"SellPricePercent": -1.0,
			"MaxStockThreshold": 100,
			"MinStockThreshold": 1,
			"QuantityPercent": -1,
			"SpawnAttachments": [],
			"Variants": ["TF_ElcanSpecterDR_6xOptic_Black"]
		},
		{
			"ClassName": "TF_EOTechXPSOpticDown_Black",
			"MaxPriceThreshold": 80,
			"MinPriceThreshold": 50,
			"SellPricePercent": -1.0,
			"MaxStockThreshold": 100,
			"MinStockThreshold": 1,
			"QuantityPercent": -1,
			"SpawnAttachments": [],
			"Variants": ["TF_EOTechXPSOpticUp_Black"]
		},
		{
			"ClassName": "TF_DeltaPointOptic_Black",
			"MaxPriceThreshold": 80,
			"MinPriceThreshold": 50,
			"SellPricePercent": -1.0,
			"MaxStockThreshold": 100,
			"MinStockThreshold": 1,
			"QuantityPercent": -1,
			"SpawnAttachments": [],
			"Variants": []
		},
		{
			"ClassName": "TF_HAMROptic_Black",
			"MaxPriceThreshold": 80,
			"MinPriceThreshold": 50,
			"SellPricePercent": -1.0,
			"MaxStockThreshold": 100,
			"MinStockThreshold": 1,
			"QuantityPercent": -1,
			"SpawnAttachments": [],
			"Variants": []
		},
		{
			"ClassName": "TF_OKP7Optic",
			"MaxPriceThreshold": 80,
			"MinPriceThreshold": 50,
			"SellPricePercent": -1.0,
			"MaxStockThreshold": 100,
			"MinStockThreshold": 1,
			"QuantityPercent": -1,
			"SpawnAttachments": [],
			"Variants": []
		},
		{
			"ClassName": "TF_OTs_14_GrozaOptic",
			"MaxPriceThreshold": 20,
			"MinPriceThreshold": 10,
			"SellPricePercent": -1.0,
			"MaxStockThreshold": 100,
			"MinStockThreshold": 1,
			"QuantityPercent": -1,
			"SpawnAttachments": [],
			"Variants": []
		},
		{
			"ClassName": "TF_PK122_ValdayOptic",
			"MaxPriceThreshold": 20,
			"MinPriceThreshold": 10,
			"SellPricePercent": -1.0,
			"MaxStockThreshold": 100,
			"MinStockThreshold": 1,
			"QuantityPercent": -1,
			"SpawnAttachments": [],
			"Variants": []
		},
				{
			"ClassName": "TF_AK_Tactica_Tula10000Receiver",
			"MaxPriceThreshold": 20,
			"MinPriceThreshold": 10,
			"SellPricePercent": -1.0,
			"MaxStockThreshold": 100,
			"MinStockThreshold": 1,
			"QuantityPercent": -1,
			"SpawnAttachments": [],
			"Variants": []
		},
		{
			"ClassName": "TF_AK_B33Receiver",
			"MaxPriceThreshold": 20,
			"MinPriceThreshold": 10,
			"SellPricePercent": -1.0,
			"MaxStockThreshold": 100,
			"MinStockThreshold": 1,
			"QuantityPercent": -1,
			"SpawnAttachments": [],
			"Variants": []
		},
		{
			"ClassName": "TF_M4_ColtA2Optic",
			"MaxPriceThreshold": 20,
			"MinPriceThreshold": 10,
			"SellPricePercent": -1.0,
			"MaxStockThreshold": 100,
			"MinStockThreshold": 1,
			"QuantityPercent": -1,
			"SpawnAttachments": [],
			"Variants": []
		},
		{
			"ClassName": "TF_M14_Adapter",
			"MaxPriceThreshold": 20,
			"MinPriceThreshold": 10,
			"SellPricePercent": -1.0,
			"MaxStockThreshold": 100,
			"MinStockThreshold": 1,
			"QuantityPercent": -1,
			"SpawnAttachments": [],
			"Variants": []
		}
	]
}