{
    "m_Version": 12,
    "DisplayName": "Tactical Flava Bipods",
    "Icon": "Deliver",
    "Color": "ffa424",
    "IsExchange": 0,
    "InitStockPercent": 75.0,
    "Items": [
		{
			"ClassName": "TF_Atlas_Bipod",
			"MaxPriceThreshold": 80,
			"MinPriceThreshold": 50,
			"SellPricePercent": -1.0,
			"MaxStockThreshold": 200,
			"MinStockThreshold": 10,
			"QuantityPercent": -1,
			"SpawnAttachments": [],
			"Variants": []
		},
		{
			"ClassName": "TF_Anzio_Bipod",
			"MaxPriceThreshold": 80,
			"MinPriceThreshold": 50,
			"SellPricePercent": -1.0,
			"MaxStockThreshold": 200,
			"MinStockThreshold": 10,
			"QuantityPercent": -1,
			"SpawnAttachments": [],
			"Variants": []
		},
		{
			"ClassName": "TF_Harris_Bipod",
			"MaxPriceThreshold": 80,
			"MinPriceThreshold": 50,
			"SellPricePercent": -1.0,
			"MaxStockThreshold": 200,
			"MinStockThreshold": 10,
			"QuantityPercent": -1,
			"SpawnAttachments": [],
			"Variants": []
		},
				{
			"ClassName": "TF_M240_Bipod",
			"MaxPriceThreshold": 80,
			"MinPriceThreshold": 50,
			"SellPricePercent": -1.0,
			"MaxStockThreshold": 200,
			"MinStockThreshold": 10,
			"QuantityPercent": -1,
			"SpawnAttachments": [],
			"Variants": []
		},
		{
			"ClassName": "TF_M249_Bipod",
			"MaxPriceThreshold": 80,
			"MinPriceThreshold": 50,
			"SellPricePercent": -1.0,
			"MaxStockThreshold": 200,
			"MinStockThreshold": 10,
			"QuantityPercent": -1,
			"SpawnAttachments": [],
			"Variants": []
		},
		{
			"ClassName": "TF_PKM_Bipod",
			"MaxPriceThreshold": 80,
			"MinPriceThreshold": 50,
			"SellPricePercent": -1.0,
			"MaxStockThreshold": 200,
			"MinStockThreshold": 10,
			"QuantityPercent": -1,
			"SpawnAttachments": [],
			"Variants": []
		},
		{
			"ClassName": "TF_PKP_Bipod",
			"MaxPriceThreshold": 80,
			"MinPriceThreshold": 50,
			"SellPricePercent": -1.0,
			"MaxStockThreshold": 200,
			"MinStockThreshold": 10,
			"QuantityPercent": -1,
			"SpawnAttachments": [],
			"Variants": []
		}
	]
}