{
    "m_Version": 12,
    "DisplayName": "Tactical Flava Grenades",
    "Icon": "Deliver",
    "Color": "ffa424",
    "IsExchange": 0,
    "InitStockPercent": 75.0,
    "Items": 
	[
		{
			"ClassName": "TF_EMPGrenade",
			"MaxPriceThreshold": 30,
			"MinPriceThreshold": 20,
			"SellPricePercent": -1.0,
			"MaxStockThreshold": 100,
			"MinStockThreshold": 1,
			"QuantityPercent": -1,
			"SpawnAttachments": [],
			"Variants": []
		},
		{
			"ClassName": "TF_PhosphorusGrenade",
			"MaxPriceThreshold": 30,
			"MinPriceThreshold": 20,
			"SellPricePercent": -1.0,
			"MaxStockThreshold": 100,
			"MinStockThreshold": 1,
			"QuantityPercent": -1,
			"SpawnAttachments": [],
			"Variants": []
		},
		{
			"ClassName": "TF_TeargasGrenade",
			"MaxPriceThreshold": 30,
			"MinPriceThreshold": 20,
			"SellPricePercent": -1.0,
			"MaxStockThreshold": 100,
			"MinStockThreshold": 1,
			"QuantityPercent": -1,
			"SpawnAttachments": [],
			"Variants": []
		},
		{
			"ClassName": "TF_ChemicalGrenade",
			"MaxPriceThreshold": 30,
			"MinPriceThreshold": 2,
			"SellPricePercent": -1.0,
			"MaxStockThreshold": 100,
			"MinStockThreshold": 1,
			"QuantityPercent": -1,
			"SpawnAttachments": [],
			"Variants": []
		},
		{
			"ClassName": "TF_Ammo_40mm_HEDP",
			"MaxPriceThreshold": 30,
			"MinPriceThreshold": 20,
			"SellPricePercent": -1.0,
			"MaxStockThreshold": 100,
			"MinStockThreshold": 1,
			"QuantityPercent": -1,
			"SpawnAttachments": [],
			"Variants": []
		}
	]
}