{
    "m_Version": 12,
    "DisplayName": "Tactical Flava Assault Rifles",
    "Icon": "Deliver",
    "Color": "ffa424",
    "IsExchange": 0,
    "InitStockPercent": 75.0,
    "Items": [
		{
			"ClassName": "TF_ADAR2_15",
			"MaxPriceThreshold": 1000,
			"MinPriceThreshold": 800,
			"SellPricePercent": -1.0,
			"MaxStockThreshold": 500,
			"MinStockThreshold": 1,
			"QuantityPercent": -1,
			"SpawnAttachments": [],
			"Variants": []
		},
		{
			"ClassName": "TF_AK74M",
			"MaxPriceThreshold": 1000,
			"MinPriceThreshold": 800,
			"SellPricePercent": -1.0,
			"MaxStockThreshold": 500,
			"MinStockThreshold": 1,
			"QuantityPercent": -1,
			"SpawnAttachments": [],
			"Variants": []
		},
		{
			"ClassName": "TF_AK101",
			"MaxPriceThreshold": 1000,
			"MinPriceThreshold": 800,
			"SellPricePercent": -1.0,
			"MaxStockThreshold": 500,
			"MinStockThreshold": 1,
			"QuantityPercent": -1,
			"SpawnAttachments": [],
			"Variants": []
		},
		{
			"ClassName": "TF_AK102",
			"MaxPriceThreshold": 1000,
			"MinPriceThreshold": 800,
			"SellPricePercent": -1.0,
			"MaxStockThreshold": 500,
			"MinStockThreshold": 1,
			"QuantityPercent": -1,
			"SpawnAttachments": [],
			"Variants": []
		},
		{
			"ClassName": "TF_AK103",
			"MaxPriceThreshold": 2000,
			"MinPriceThreshold": 1500,
			"SellPricePercent": -1.0,
			"MaxStockThreshold": 500,
			"MinStockThreshold": 1,
			"QuantityPercent": -1,
			"SpawnAttachments": [],
			"Variants": []
		},
		{
			"ClassName": "TF_AK104",
			"MaxPriceThreshold": 2000,
			"MinPriceThreshold": 1500,
			"SellPricePercent": -1.0,
			"MaxStockThreshold": 500,
			"MinStockThreshold": 1,
			"QuantityPercent": -1,
			"SpawnAttachments": [],
			"Variants": []
		},
		{
			"ClassName": "TF_AK105",
			"MaxPriceThreshold": 2000,
			"MinPriceThreshold": 1500,
			"SellPricePercent": -1.0,
			"MaxStockThreshold": 500,
			"MinStockThreshold": 1,
			"QuantityPercent": -1,
			"SpawnAttachments": [],
			"Variants": ["TF_AK105_Bullpup"]
		},
		{
			"ClassName": "TF_AKM",
			"MaxPriceThreshold": 2000,
			"MinPriceThreshold": 800,
			"SellPricePercent": -1.0,
			"MaxStockThreshold": 500,
			"MinStockThreshold": 1,
			"QuantityPercent": -1,
			"SpawnAttachments": [],
			"Variants": []
		},
		{
			"ClassName": "TF_AKMN",
			"MaxPriceThreshold": 2000,
			"MinPriceThreshold": 1500,
			"SellPricePercent": -1.0,
			"MaxStockThreshold": 500,
			"MinStockThreshold": 1,
			"QuantityPercent": -1,
			"SpawnAttachments": [],
			"Variants": []
		},
		{
			"ClassName": "TF_AN94",
			"MaxPriceThreshold": 1000,
			"MinPriceThreshold": 800,
			"SellPricePercent": -1.0,
			"MaxStockThreshold": 500,
			"MinStockThreshold": 1,
			"QuantityPercent": -1,
			"SpawnAttachments": [],
			"Variants": []
		},
		{
			"ClassName": "TF_AN94M",
			"MaxPriceThreshold": 1000,
			"MinPriceThreshold": 800,
			"SellPricePercent": -1.0,
			"MaxStockThreshold": 500,
			"MinStockThreshold": 1,
			"QuantityPercent": -1,
			"SpawnAttachments": [],
			"Variants": []
		},
		{
			"ClassName": "TF_M4A1",
			"MaxPriceThreshold": 2000,
			"MinPriceThreshold": 1500,
			"SellPricePercent": -1.0,
			"MaxStockThreshold": 500,
			"MinStockThreshold": 1,
			"QuantityPercent": -1,
			"SpawnAttachments": [],
			"Variants": ["TF_M4A1_CQBR"]
		},
		{
			"ClassName": "TF_SCAR_L_FDE",
			"MaxPriceThreshold": 2000,
			"MinPriceThreshold": 800,
			"SellPricePercent": -1.0,
			"MaxStockThreshold": 500,
			"MinStockThreshold": 1,
			"QuantityPercent": -1,
			"SpawnAttachments": [],
			"Variants": ["TF_SCAR_L_Black"]
		},
		{
			"ClassName": "TF_SCAR_L_CQC_FDE",
			"MaxPriceThreshold": 2000,
			"MinPriceThreshold": 1500,
			"SellPricePercent": -1.0,
			"MaxStockThreshold": 500,
			"MinStockThreshold": 1,
			"QuantityPercent": -1,
			"SpawnAttachments": [],
			"Variants": ["TF_SCAR_L_CQC_Black"]
		},
		{
			"ClassName": "TF_SCAR_H_FDE",
			"MaxPriceThreshold": 2000,
			"MinPriceThreshold": 800,
			"SellPricePercent": -1.0,
			"MaxStockThreshold": 500,
			"MinStockThreshold": 1,
			"QuantityPercent": -1,
			"SpawnAttachments": [],
			"Variants": ["TF_SCAR_H_Black"]
		},
		{
			"ClassName": "TF_SCAR_H_CQC_FDE",
			"MaxPriceThreshold": 2000,
			"MinPriceThreshold": 1500,
			"SellPricePercent": -1.0,
			"MaxStockThreshold": 500,
			"MinStockThreshold": 1,
			"QuantityPercent": -1,
			"SpawnAttachments": [],
			"Variants": ["TF_SCAR_H_CQC_Black"]
		},
		{
			"ClassName": "TF_MK47",
			"MaxPriceThreshold": 2000,
			"MinPriceThreshold": 1500,
			"SellPricePercent": -1.0,
			"MaxStockThreshold": 500,
			"MinStockThreshold": 1,
			"QuantityPercent": -1,
			"SpawnAttachments": [],
			"Variants": ["TF_MK47_CQBR"]
		},
		{
			"ClassName": "TF_VPO136",
			"MaxPriceThreshold": 2000,
			"MinPriceThreshold": 1500,
			"SellPricePercent": -1.0,
			"MaxStockThreshold": 500,
			"MinStockThreshold": 1,
			"QuantityPercent": -1,
			"SpawnAttachments": [],
			"Variants": []
		},
		{
			"ClassName": "TF_M16A4",
			"MaxPriceThreshold": 2000,
			"MinPriceThreshold": 1500,
			"SellPricePercent": -1.0,
			"MaxStockThreshold": 500,
			"MinStockThreshold": 1,
			"QuantityPercent": -1,
			"SpawnAttachments": [],
			"Variants": []
		}
	]
}